epoch,time,train/box_loss,train/cls_loss,train/dfl_loss,metrics/precision(B),metrics/recall(B),metrics/mAP50(B),metrics/mAP50-95(B),val/box_loss,val/cls_loss,val/dfl_loss,lr/pg0,lr/pg1,lr/pg2
1,1237.46,0.98148,2.84103,1.00096,0.92915,0.91598,0.93359,0.70857,0.82237,1.04901,0.90871,0.000196825,0.000196825,0.000196825
2,2535.54,0.80625,0.86101,0.94499,0.94779,0.94664,0.94848,0.71062,0.83608,0.73783,0.93275,0.000396801,0.000396801,0.000396801
